{
  "threshold_low": 0.8,
  "threshold_optimal_high": 1.3,
  "threshold_caution": 1.5,
  "threshold_critical": 2.0,
  "green_base": 0.3,
  "green_min": 0.08,
  "green_max": 0.2,
  "low_base": 0.31071197274622514,
  "low_min": 0.1441968468538569,
  "low_max": 0.16686931869325117,
  "caution_value": 0.018898582440731983,
  "red_base": -0.25910882056952245,
  "red_min": -0.1629218272894181,
  "red_max": -0.047846210041708415,
  "critical_value": -0.27093338668191724,
  "critical_flag": true,
  "persistent_weeks_threshold": 2,
  "persistent_critical_action": -0.3
}