{
  "timestamp": "20260102_165052",
  "baseline": {
    "mean_growth_rate": 2.009866429968077,
    "std_growth_rate": 0.02478506163797799,
    "mean_injury_rate": 0.666,
    "std_injury_rate": 0.025768197453450235,
    "mean_completion_rate": 0.33399999999999996,
    "pct_achieved_2x": 45.6,
    "pct_achieved_1_5x": 97.4
  },
  "optimized": {
    "mean_growth_rate": 2.157152690899057,
    "std_growth_rate": 0.02886687648469496,
    "mean_injury_rate": 0.666,
    "std_injury_rate": 0.025768197453450235,
    "mean_completion_rate": 0.33399999999999996,
    "pct_achieved_2x": 57.8,
    "pct_achieved_1_5x": 97.8
  },
  "optimized_params": {
    "threshold_low": 0.8,
    "threshold_optimal_high": 1.3,
    "threshold_caution": 1.5,
    "threshold_critical": 2.0,
    "green_base": 0.3,
    "green_min": 0.08,
    "green_max": 0.2,
    "low_base": 0.31071197274622514,
    "low_min": 0.1441968468538569,
    "low_max": 0.16686931869325117,
    "caution_value": 0.018898582440731983,
    "red_base": -0.25910882056952245,
    "red_min": -0.1629218272894181,
    "red_max": -0.047846210041708415,
    "critical_value": -0.27093338668191724,
    "critical_flag": true,
    "persistent_weeks_threshold": 2,
    "persistent_critical_action": -0.3
  },
  "improvement": {
    "growth_rate_pct": 7.328161649693277,
    "injury_rate_reduction_pct": 0.0
  }
}